{
  "project_info": {
    "project_number": "861810517506",
    "project_id": "fir-codelab-a8a9b",
    "storage_bucket": "fir-codelab-a8a9b.appspot.com"
  },
  "client": [
    {
      "client_info": {
        "mobilesdk_app_id": "1:861810517506:android:6a01f0917bda8e3276e91b",
        "android_client_info": {
          "package_name": "com.example.gtk_flutter"
        }
      },
      "oauth_client": [],
      "api_key": [
        {
          "current_key": "AIzaSyA2fevuxDAYeh59M6VkBuf2tfWr3HIwkKw"
        }
      ],
      "services": {
        "appinvite_service": {
          "other_platform_oauth_client": []
        }
      }
    }
  ],
  "configuration_version": "1"
}